id,name,address
0,MSN Airport,"4000 International Ln, Madison, WI 53704"
1,Milwaukee,"3144 S Howell Ave, Milwaukee, WI 53207"
2,Ashland County,"201 W Main St, Ashland, WI 54806"
3,Barron County,"330 E La Salle Ave, Barron, WI 54812"
4,Bayfield County,"117 E 5th St, Washburn, WI 54891"
5,Buffalo County,"407 S 2nd St, Alma, WI 54610"
6,Burnett County,"7410 County Road K, Siren, WI 54872"
7,Chippewa County,"711 N Bridge St, Chippewa Falls, WI 54729"
8,Clark County,"517 Court St, Neillsville, WI 54456"
9,Douglas County,"1313 Belknap St, Superior, WI 54880"
10,Florence County,"501 Lake Ave, Florence, WI 54121"
11,Forest County,"200 E Madison St, Crandon, WI 54520"
12,Iron County,"300 Taconite St, Hurley, WI 54534"
13,La Crosse County,"333 Vine St, La Crosse, WI 54601"
14,Langlade County,"800 Clermont St, Antigo, WI 54409"
15,Lincoln County,"1110 E Main St, Merrill, WI 54452"
16,Marathon County,"500 Forest St, Wausau, WI 54403"
17,Marinette County,"1926 Hall Ave, Marinette, WI 54143"
18,Menominee County,"W3269 Courthouse Ln, Keshena, WI 54135"
19,Oconto County,"301 Washington St, Oconto, WI 54153"
20,Oneida County,"1 S Oneida Ave, Rhinelander, WI 54501"
21,Pepin County,"740 7th Ave W, Durand, WI 54736"
22,Pierce County,"414 W Main St, Ellsworth, WI 54011"
23,Polk County,"1005 W Main St, Balsam Lake, WI 54810"
24,Price County,"126 Cherry St, Phillips, WI 54555"
25,Rusk County,"311 Miner Ave E, Ladysmith, WI 54848"
26,Sawyer County,"10610 Main St, Hayward, WI 54843"
27,Shawano County,"311 N Main St, Shawano, WI 54166"
28,Taylor County,"224 S 2nd St, Medford, WI 54451"
29,Vernon County,"400 Courthouse Square, Viroqua, WI 54665"
30,Vilas County,"330 Court St, Eagle River, WI 54521"
31,Washburn County,"10 4th Ave, Shell Lake, WI 54871"
